home_team_id,away_team_id,result
5,117,1
94,31,1
114,2,0
58,136,0
127,21,1
34,70,2
209,193,1
5,114,0
117,2,2
94,74,0
58,127,0
136,21,0
34,209,0
70,193,1
5,2,1
117,114,0
31,74,2
58,21,0
136,127,0
34,193,1
70,209,2
5,74,2
94,2,2
58,34,0
209,136,1
2,58,2
74,136,0
136,2,0
74,58,2
173,121,1
202,69,1
8,136,0
60,200,1
174,76,0
2,170,2
73,11,0
165,74,2
93,146,1
96,34,0
131,53,0
27,137,0
94,150,1
133,169,1
84,40,2
173,202,2
176,181,2
8,174,0
69,121,2
76,136,0
60,2,1
73,165,2
170,200,1
34,53,2
74,11,1
131,96,0
27,94,0
93,133,1
169,146,2
40,181,0
150,137,0
176,84,0
76,8,2
121,202,2
136,174,1
173,69,0
11,165,0
74,73,2
170,60,2
200,2,0
34,131,2
53,96,2
146,133,1
169,93,0
40,176,2
137,94,2
150,27,1
181,84,1
202,174,0
200,74,2
8,121,0
73,60,0
27,40,0
131,169,0
146,96,1
176,150,0
131,27,0
202,74,1
8,73,2
146,176,2
202,131,2
73,176,2
202,73,2
131,176,2
63,66,0
92,118,0
4,155,2
9,153,2
19,73,2
60,30,0
63,93,2
66,165,2
69,18,2
76,72,1
87,140,2
98,194,2
104,47,2
109,176,2
110,163,1
111,25,2
122,68,0
124,207,0
150,50,1
154,1,1
161,131,2
169,138,0
170,139,2
180,86,0
1,111,0
12,98,0
18,154,1
25,69,2
30,124,2
47,76,1
51,110,2
53,87,0
72,92,1
73,13,0
86,122,0
153,4,0
93,66,0
138,9,1
118,104,2
131,68,0
140,150,0
155,169,2
163,109,0
165,170,1
180,161,0
181,60,2
194,19,0
1,25,1
4,138,2
9,169,0
12,13,0
50,140,2
51,163,0
72,118,0
73,194,0
76,104,0
86,161,0
153,155,2
98,19,2
111,18,1
122,131,2
124,181,0
139,93,1
150,53,0
165,63,2
170,66,0
176,110,0
207,30,2
69,154,0
92,47,2
9,4,0
13,194,0
18,1,0
19,12,1
53,50,0
60,124,1
63,170,2
66,139,1
68,86,2
69,111,0
76,92,0
87,150,2
93,165,0
98,73,2
104,72,1
109,51,2
138,155,2
131,180,0
161,122,2
163,176,2
169,153,1
181,207,0
47,118,0
68,161,0
152,203,2
101,41,2
96,97,1
162,182,2
88,11,2
174,15,0
91,90,2
137,199,1
152,41,0
203,101,0
97,162,0
182,96,2
11,174,1
15,88,0
90,137,0
199,91,2
41,203,1
152,101,0
97,182,0
162,96,2
11,15,0
174,88,0
91,137,0
199,90,2
152,96,2
203,97,0
11,91,0
90,174,2
96,174,1
203,11,2
203,174,2
11,96,2
12,19,2
86,131,2
111,69,2
165,139,0
170,93,2
176,51,0
1,18,0
4,169,2
9,155,1
25,154,0
30,181,1
50,87,1
72,47,0
73,98,0
153,138,0
92,104,0
118,76,2
140,53,1
207,60,2
19,13,0
51,109,0
63,165,1
92,72,0
110,176,2
131,86,0
139,170,1
154,111,0
180,122,0
194,12,0
12,73,2
18,69,1
19,194,1
47,72,0
66,170,2
93,63,0
98,13,0
109,110,0
122,180,2
154,25,0
161,68,2
60,181,1
76,118,0
87,53,2
104,92,2
138,153,2
124,30,1
150,140,0
155,9,0
169,4,0
13,73,2
18,111,0
25,1,0
66,63,0
161,86,2
180,68,0
125,20,2
0,143,2
16,142,0
33,103,0
115,185,0
123,128,0
130,189,0
177,148,1
206,112,0
8,24,1
42,46,0
130,189,0
196,14,2
27,205,1
128,123,0
103,33,0
112,206,2
142,16,1
143,0,1
146,57,1
148,177,0
201,28,0
185,115,0
40,121,0
202,147,1
8,42,1
24,46,2
10,158,0
56,6,0
147,121,0
202,40,1
14,196,0
27,146,1
205,57,0
28,201,2
42,24,0
56,6,0
8,46,0
40,147,0
158,10,0
202,121,0
27,57,0
146,205,1
8,202,1
42,147,2
20,125,0
27,146,1
40,205,2
147,202,2
146,205,1
41,103,0
90,116,0
91,208,0
97,130,0
101,148,0
105,16,0
141,128,0
147,205,0
152,206,0
162,85,0
168,115,0
182,186,2
188,143,0
195,89,1
199,88,0
203,102,0
202,146,0
16,105,0
128,141,2
85,162,2
88,199,1
89,195,0
102,203,2
103,41,2
115,168,1
116,90,2
130,97,1
143,188,1
148,101,2
186,182,0
206,152,0
208,91,1
139,66,0
1,69,2
4,9,2
7,49,0
11,188,0
13,19,1
15,152,1
18,25,2
30,60,2
35,158,0
41,168,0
50,150,2
55,134,2
59,56,0
66,93,2
68,122,0
72,104,2
73,12,0
77,20,2
82,17,0
83,201,0
86,180,0
90,89,0
91,97,2
153,169,1
92,76,2
96,137,0
174,105,0
110,109,1
111,154,2
118,47,2
131,161,0
139,165,2
140,87,0
141,162,1
155,138,0
170,63,2
157,151,1
179,37,0
186,203,2
192,22,0
194,98,0
199,101,2
207,124,0
79,159,0
163,51,1
12,194,1
13,98,0
17,192,2
20,79,2
25,18,0
37,59,2
47,92,0
49,83,2
53,140,0
56,179,1
60,207,0
63,139,0
68,131,2
82,22,0
87,50,0
89,15,2
93,170,0
97,41,0
137,186,0
101,174,1
104,76,1
105,199,0
111,1,0
138,4,0
118,72,1
122,86,2
134,144,2
151,35,2
152,90,1
154,69,1
155,153,1
161,180,2
162,11,2
163,110,0
165,66,0
168,91,2
169,9,2
176,109,0
158,157,2
181,30,0
188,141,0
203,96,1
201,7,2
159,77,0
4,153,2
8,40,0
9,138,0
13,12,2
17,82,2
19,98,0
20,77,2
22,192,0
25,111,0
37,179,2
49,7,2
50,53,2
51,176,2
55,144,2
56,59,2
57,205,0
68,180,2
69,1,0
76,47,0
104,118,0
124,60,1
131,122,0
139,63,2
147,146,0
150,87,0
151,157,1
154,18,1
165,93,1
169,155,2
158,35,2
194,73,2
202,24,0
201,83,2
207,181,0
159,79,2
109,163,2
1,154,1
7,201,0
11,141,0
22,82,1
24,42,2
30,207,2
35,151,1
40,147,0
41,91,2
47,104,0
53,150,0
59,37,0
69,25,1
72,76,2
73,19,0
79,20,0
83,49,1
86,68,1
89,152,2
90,15,0
153,9,0
93,139,0
96,186,0
98,12,1
137,203,2
174,199,0
105,101,1
110,51,2
138,169,1
118,92,2
122,161,0
140,50,0
144,134,0
146,202,1
155,4,0
168,97,2
170,165,0
176,163,0
157,158,1
179,56,2
180,131,0
181,124,0
188,162,1
192,17,0
194,13,0
205,8,0
77,159,1
7,83,0
8,24,1
15,90,1
22,17,0
25,150,1
39,187,2
42,205,1
43,127,2
51,124,0
54,129,2
56,37,0
61,113,0
62,156,1
63,153,2
79,77,0
81,190,1
82,192,0
91,41,0
97,168,0
101,105,2
106,32,0
134,55,0
141,11,0
146,57,0
151,158,0
152,89,0
183,44,2
162,188,0
166,99,2
157,35,1
179,59,2
64,52,2
186,96,2
194,47,2
199,174,2
202,40,0
203,137,0
201,49,2
20,159,1
172,65,1
22,17,0
37,56,1
151,158,0
32,106,1
35,157,0
40,146,0
42,8,2
44,183,1
52,64,0
47,194,1
49,201,0
57,147,0
59,179,0
77,79,2
83,7,0
89,90,2
153,63,1
97,91,2
99,166,0
137,96,0
101,199,0
105,174,0
113,61,0
124,51,2
127,43,0
129,54,0
144,55,0
150,25,0
152,15,1
156,62,0
162,141,1
168,41,2
187,39,2
188,11,2
190,81,0
192,82,0
203,186,0
205,24,0
159,20,2
65,172,0
3,191,0
160,45,0
3,45,1
160,191,1
160,3,0
191,45,0
61,108,0
164,209,2
31,5,2
94,178,0
70,135,0
126,193,2
74,26,0
117,80,0
61,164,0
108,209,1
94,31,0
178,5,1
70,126,0
135,193,2
26,80,2
74,117,0
61,209,2
108,164,0
94,5,0
178,31,0
70,193,0
135,126,2
26,117,2
74,80,1
61,94,2
209,178,0
70,117,1
74,193,0
117,94,2
209,74,0
74,117,2
209,94,1
11,162,0
15,89,0
41,97,0
90,152,1
91,168,0
96,203,2
174,101,0
141,188,0
186,137,1
199,105,0
58,127,0
74,106,0
2,156,0
8,57,0
24,40,2
31,44,2
34,52,0
38,26,0
71,126,1
94,187,0
99,114,1
164,107,0
167,36,0
178,209,2
193,61,0
202,205,1
5,197,1
21,117,0
96,141,0
97,91,1
105,152,2
135,70,0
136,129,0
147,42,2
173,65,1
190,108,1
203,90,2
210,80,2
46,59,1
48,35,2
84,144,2
95,79,0
96,97,0
105,203,1
121,82,0
141,11,1
149,76,1
152,174,2
155,51,0
200,7,0
24,146,0
26,173,1
36,193,2
44,135,0
61,167,1
70,31,0
73,150,0
114,136,1
126,94,1
129,99,0
131,53,2
197,164,1
205,40,2
209,74,0
52,190,0
57,42,0
65,38,0
80,58,2
153,47,2
106,178,1
107,5,1
108,34,0
117,2,0
127,210,1
156,21,1
176,93,1
187,71,0
202,147,0
69,60,1
198,180,0
7,95,1
11,96,1
35,84,1
59,121,2
76,51,2
79,200,1
82,46,2
90,152,1
91,141,1
174,105,0
144,48,0
149,155,1
53,150,2
131,73,2
93,47,1
176,153,0
180,60,2
198,69,2
76,155,0
149,51,2
53,73,2
150,131,0
47,176,2
93,153,0
180,69,0
198,60,2
51,150,2
73,76,0
176,69,0
60,93,1
150,176,1
73,93,2
176,93,0
1,50,0
4,86,2
8,146,0
13,92,1
30,93,1
35,144,0
42,202,0
46,121,2
47,138,0
48,84,2
57,24,0
59,82,1
63,154,2
68,69,2
72,18,0
73,66,0
79,7,0
87,140,0
95,200,0
98,153,2
104,76,2
109,25,2
110,169,1
111,150,2
118,9,2
122,60,2
124,149,1
131,194,0
132,133,2
147,205,0
155,139,0
170,181,2
171,184,0
207,19,2
53,51,1
163,165,1
7,79,2
12,73,2
19,47,1
25,104,0
30,9,0
40,42,2
50,87,0
60,198,1
69,18,0
72,176,2
76,110,0
82,59,2
84,48,0
86,131,2
92,155,2
93,118,0
96,91,0
97,11,0
105,90,0
121,46,0
133,171,0
139,111,1
140,170,0
144,35,0
146,205,2
147,8,1
149,122,0
150,13,0
154,4,0
161,124,2
163,138,1
165,207,0
169,109,0
180,98,0
181,1,0
184,132,2
194,63,0
202,57,1
200,95,0
203,174,1
1,87,2
7,200,2
8,202,0
9,93,2
18,176,2
24,147,1
30,53,1
35,48,0
42,146,0
51,118,0
57,40,0
59,46,2
60,161,0
63,86,2
66,180,2
68,72,1
76,25,1
79,95,0
82,121,2
153,73,2
98,12,1
109,110,2
111,92,2
138,47,2
122,198,1
131,4,0
144,84,1
155,150,0
165,19,2
169,104,0
170,50,0
171,132,2
181,140,1
184,133,2
194,154,2
207,163,0
1,170,0
4,63,2
12,98,0
18,72,0
19,163,0
24,202,0
25,110,0
40,8,2
46,82,0
47,207,0
48,144,1
50,140,2
51,30,1
66,153,2
73,180,1
84,35,0
86,194,0
87,181,2
90,174,0
91,11,2
92,111,0
93,53,0
95,7,0
104,109,0
138,165,0
121,59,0
132,171,0
133,184,0
141,97,0
146,147,0
150,139,1
152,203,2
154,131,2
155,13,0
161,122,2
169,76,2
176,69,1
198,124,2
200,79,0
205,57,1
149,60,1
90,203,2
91,97,0
124,161,0
139,13,1
141,96,2
152,105,0
5,126,1
173,36,1
74,52,1
117,135,0
136,31,1
209,65,1
94,190,0
193,2,0
126,36,1
173,5,0
74,117,0
135,52,1
31,65,0
209,136,1
2,190,2
94,193,0
36,5,0
173,126,1
52,117,1
135,74,2
31,209,1
65,136,2
2,94,1
190,193,1
74,36,0
173,117,1
31,190,0
94,136,2
31,74,1
84,200,0
117,136,2
121,95,1
144,46,1
117,74,0
136,31,0
4,194,2
8,205,0
12,66,0
25,76,0
30,118,0
42,24,0
47,165,0
51,53,2
69,72,0
84,121,1
86,154,1
92,150,1
95,144,1
98,73,2
109,104,1
111,13,1
138,19,2
122,124,2
131,63,0
133,132,0
140,1,2
147,40,0
149,198,2
161,60,2
163,207,2
169,110,1
170,87,2
176,68,1
180,153,1
184,171,0
202,146,1
200,46,0
31,135,0
34,190,0
44,70,0
50,181,1
94,71,0
129,114,2
136,99,1
164,5,1
173,38,0
193,167,0
52,108,1
61,36,2
65,26,0
74,178,0
106,209,1
107,197,0
127,80,1
156,117,2
187,126,0
2,21,0
9,51,2
11,141,1
13,150,2
19,138,0
24,8,1
40,202,0
46,95,0
53,30,1
57,146,0
58,210,0
63,4,0
69,176,2
73,98,0
153,12,1
97,96,0
174,152,0
118,93,2
121,200,1
124,60,1
131,154,0
132,184,0
139,92,2
144,84,0
149,161,0
165,163,0
171,133,2
194,86,1
198,122,0
203,105,0
205,42,0
207,47,2
95,121,2
96,11,1
105,174,1
141,91,0
152,90,2
99,136,2
114,129,1
1,140,1
8,42,1
9,118,2
12,180,0
13,111,1
19,165,0
24,205,1
46,84,0
47,163,2
51,93,1
68,18,0
87,170,2
153,66,0
95,200,2
104,25,2
108,52,1
109,169,1
110,76,2
122,149,1
124,198,2
144,121,1
146,40,2
147,57,0
150,155,0
178,74,2
5,164,1
26,65,0
36,61,0
38,173,2
70,44,1
71,94,2
126,187,0
167,193,1
181,50,0
197,107,0
209,106,0
21,2,2
80,127,0
117,156,1
135,31,2
190,34,2
210,58,2
11,97,0
18,68,1
40,24,0
42,147,0
53,9,2
57,8,1
84,95,0
90,105,0
91,96,2
174,203,0
121,46,1
180,66,0
200,144,0
205,202,2
114,99,1
129,136,1
108,190,0
26,38,0
36,167,0
44,31,2
70,135,0
126,71,0
197,5,0
209,178,1
52,34,1
61,193,1
65,173,0
80,210,0
106,74,2
107,164,2
117,21,1
127,58,2
156,2,2
187,94,2
11,91,0
46,144,0
97,141,0
174,90,2
200,84,0
203,152,0
139,155,0
25,169,2
40,205,0
42,57,0
46,200,0
51,9,2
60,122,0
63,131,1
68,176,2
72,69,1
73,12,0
74,209,0
153,180,2
93,30,0
97,203,1
98,66,0
104,110,0
109,76,2
138,207,0
118,53,2
121,84,2
139,150,2
140,50,0
144,95,1
146,24,0
147,202,2
149,124,1
154,86,0
155,111,0
163,19,2
165,47,1
170,1,0
181,87,1
194,4,0
198,161,0
5,107,0
31,70,0
38,65,2
71,187,0
92,13,1
94,126,1
135,44,1
136,114,0
164,197,0
167,61,0
173,26,0
193,36,0
21,156,0
34,108,0
99,129,0
178,106,2
190,52,0
210,127,1
2,117,0
4,131,2
9,53,2
12,153,0
18,69,2
24,57,1
50,170,2
58,80,0
66,73,2
72,68,2
76,104,0
84,144,1
86,63,0
87,1,0
93,51,0
95,46,1
98,180,2
110,109,0
111,139,0
138,163,2
118,30,2
140,181,2
146,8,2
154,194,2
155,92,0
161,149,2
169,25,2
198,60,1
202,42,0
200,121,0
203,97,1
205,147,0
207,165,2
1,181,2
4,154,2
8,147,0
9,30,0
13,139,0
25,109,0
42,40,1
47,19,2
53,93,1
57,202,0
60,124,0
63,194,2
66,98,1
73,153,0
76,169,0
84,46,0
87,50,0
110,104,0
111,155,2
118,51,2
121,144,0
122,161,0
131,86,0
150,92,1
170,140,0
176,18,0
180,12,0
198,149,0
200,95,0
205,146,1
207,138,0
31,2,0
94,164,0
65,136,2
193,34,1
13,155,1
19,207,1
30,51,2
40,57,0
46,121,0
50,1,1
53,118,0
60,149,0
66,12,2
69,68,0
74,58,0
76,109,0
86,4,0
153,98,0
92,139,1
93,9,1
95,84,1
104,169,1
110,25,2
124,122,2
140,87,1
144,200,2
146,42,2
147,24,1
150,111,0
154,63,0
161,198,2
163,47,0
165,138,0
176,72,0
180,73,2
181,170,0
194,131,2
202,8,0
97,202,2
121,133,0
76,154,0
87,47,1
150,180,0
198,69,0
136,65,0
164,94,1
34,193,0
2,31,0
47,87,0
58,74,0
69,198,0
154,76,1
180,150,2
133,121,2
202,97,1
27,47,0
40,11,0
121,34,0
176,131,2
42,76,0
60,93,2
94,96,0
202,46,2
8,25,0
69,84,0
181,57,0
73,150,0
74,200,2
90,136,1
19,2,0
27,121,1
155,174,1
11,131,2
34,47,2
176,40,2
42,94,0
96,76,1
202,60,0
84,57,2
93,46,2
181,69,2
8,90,0
73,74,1
136,25,0
19,155,0
174,2,2
200,150,1
11,176,2
27,34,0
47,121,2
131,40,0
46,60,1
76,94,0
93,202,2
96,42,2
25,90,0
57,69,1
84,181,2
136,8,2
2,155,1
174,19,2
150,74,0
200,73,2
27,40,1
42,202,0
46,76,1
131,121,0
69,136,0
73,2,0
8,181,0
19,200,0
27,42,0
69,73,2
8,19,0
131,46,1
27,73,2
131,8,1
27,131,2
73,8,0
53,9,0
66,68,2
72,153,2
73,163,0
75,149,2
76,154,2
86,139,2
150,1,2
12,180,1
63,170,0
111,18,1
124,122,0
155,109,0
161,110,2
176,138,0
181,60,2
198,169,2
4,207,2
13,30,2
25,50,2
47,118,0
51,131,0
87,194,0
98,104,1
140,93,2
18,198,2
60,161,0
109,124,1
110,63,0
138,111,0
122,12,2
169,176,0
170,181,0
180,155,1
19,4,0
30,47,2
50,92,2
93,13,0
104,87,2
118,140,2
131,98,0
194,51,2
207,25,1
1,53,1
9,165,1
68,76,1
153,75,0
139,66,0
149,73,0
154,86,1
163,72,0
12,124,0
18,169,2
63,60,2
110,170,2
111,176,2
155,122,1
180,109,0
198,138,0
4,92,2
25,19,1
47,13,0
87,131,0
98,51,2
104,194,1
118,93,2
140,30,0
207,50,0
53,150,2
66,86,2
68,154,2
73,153,1
75,72,2
76,139,2
149,163,1
161,181,2
165,1,2
72,149,2
73,75,0
76,66,2
86,68,0
150,9,0
154,139,0
163,153,0
165,53,2
12,155,0
60,170,0
111,198,2
138,169,2
122,109,2
124,180,1
161,63,1
176,18,0
181,110,0
13,140,2
19,207,1
30,118,1
50,4,0
51,87,0
92,25,0
93,47,1
131,104,0
194,98,0
11,101,0
174,141,0
162,41,2
203,137,0
90,15,0
199,152,0
96,143,0
97,91,2
11,141,0
101,174,2
41,203,0
137,162,2
15,199,2
152,90,2
91,96,2
143,97,2
11,174,2
31,70,2
61,44,1
141,101,0
41,137,0
193,36,1
203,162,0
209,52,1
2,173,0
74,164,2
90,199,0
152,15,2
91,143,0
94,80,1
96,97,0
117,34,1
61,31,1
70,44,2
11,41,0
36,52,1
174,203,0
209,193,2
74,2,0
90,91,1
96,199,1
173,164,1
34,80,1
94,117,1
44,31,0
61,70,0
36,209,1
52,193,1
174,91,0
11,199,0
164,2,2
173,74,2
34,94,2
80,117,1
91,199,2
11,174,0
44,52,2
61,193,0
74,80,0
94,2,0
52,94,2
61,74,2
61,52,1
94,74,1
33,112,0
189,123,2
88,130,0
177,23,2
208,142,0
185,29,2
23,177,0
29,185,2
112,33,1
123,189,0
130,88,1
17,201,2
142,208,1
134,6,0
157,196,0
14,22,2
201,17,2
55,28,0
196,157,2
49,125,0
60,110,0
109,12,2
138,18,2
122,180,2
169,111,0
170,161,0
176,198,0
181,63,0
4,25,2
13,118,0
19,50,0
30,93,1
47,140,0
51,104,1
92,207,2
98,87,2
131,194,1
1,9,0
6,134,2
22,14,0
55,28,1
72,73,2
86,76,1
153,149,1
139,68,0
150,165,0
154,66,0
163,75,0
37,20,1
92,19,2
125,49,1
188,206,0
134,179,0
49,48,1
7,158,2
10,17,2
159,82,1
0,182,2
16,102,2
33,168,2
40,57,0
56,20,2
78,195,0
85,23,0
88,141,2
103,128,1
105,101,2
115,189,0
116,152,2
148,15,0
162,143,0
186,97,2
208,137,2
55,35,2
157,59,1
4,50,2
25,92,0
47,93,1
87,51,0
98,194,2
104,131,2
118,30,2
121,24,1
140,13,1
207,19,0
151,77,0
79,22,1
8,146,1
9,150,2
53,165,0
66,76,0
68,86,2
75,73,2
153,163,1
139,154,1
149,72,0
202,95,0
17,10,2
18,176,2
27,147,0
42,205,2
48,49,1
63,161,0
109,122,1
110,181,2
155,12,2
169,138,0
170,60,2
180,124,0
198,111,0
20,56,0
82,159,1
7,158,0
40,121,1
57,24,2
22,79,2
8,202,0
16,186,1
23,41,2
128,174,2
33,0,2
189,199,2
77,151,0
78,88,0
85,116,0
96,168,1
137,203,0
102,11,2
103,105,2
115,143,2
146,95,0
179,134,2
195,90,1
208,148,2
35,55,0
59,157,0
185,188,2
27,42,2
147,205,0
40,24,0
121,57,2
8,95,0
202,146,1
27,205,0
42,147,1
40,202,0
24,147,2
8,42,1
27,146,1
40,147,0
8,146,0
147,146,0
40,8,1
160,3,0
191,45,2
45,160,0
191,3,2
11,16,0
13,47,1
15,137,2
19,25,0
30,140,2
41,85,1
50,207,2
51,98,0
90,78,0
91,185,0
92,4,0
93,118,0
96,33,0
97,102,1
174,103,0
101,128,0
131,87,2
141,195,0
152,23,0
162,189,0
182,168,0
194,104,1
199,115,0
203,208,0
3,45,0
49,59,2
53,1,1
66,139,2
72,163,0
73,149,0
75,153,2
76,68,2
77,83,2
86,154,1
165,9,0
191,160,2
7,79,0
35,20,0
95,134,2
159,10,0
12,122,0
63,110,0
111,138,0
124,109,0
155,180,0
161,60,2
176,169,0
181,170,0
198,18,0
25,4,0
50,19,2
87,98,1
93,30,0
104,51,2
118,13,1
140,47,0
194,131,0
207,92,1
1,150,2
9,53,1
68,66,0
153,72,0
139,86,1
149,75,0
154,76,1
163,73,2
0,96,2
16,97,2
18,111,0
33,182,2
41,116,0
59,49,0
60,181,0
78,141,1
85,152,2
88,90,2
103,101,2
105,174,2
109,155,2
110,161,0
138,176,2
115,162,2
122,124,2
143,199,1
148,203,2
169,198,1
170,63,0
180,12,2
186,11,2
188,91,1
208,15,2
10,159,0
20,35,1
79,7,0
83,77,0
134,95,2
185,206,2
43,106,1
120,99,2
166,32,2
175,119,1
187,114,0
1,165,2
8,57,2
15,203,2
23,116,2
24,202,2
128,105,2
40,27,0
42,147,0
189,143,2
72,75,0
86,66,0
153,73,0
97,11,0
137,148,1
101,174,2
102,186,1
107,81,1
139,76,0
141,90,1
150,53,0
152,41,0
154,68,1
183,65,0
162,199,0
163,149,1
168,0,0
182,96,2
195,88,0
205,146,2
206,91,1
54,64,2
60,63,0
71,129,1
109,180,2
138,198,2
122,155,2
124,12,2
169,18,2
170,110,1
172,135,2
176,111,0
181,161,0
4,19,2
13,93,2
25,207,0
39,167,0
47,30,0
51,194,2
62,26,2
87,104,1
92,50,2
98,131,2
113,38,0
140,118,0
9,1,2
65,183,0
66,154,2
68,139,1
73,72,0
75,163,2
76,86,0
99,120,1
114,187,0
149,153,0
165,150,2
12,109,0
18,138,1
63,181,2
110,60,2
111,169,2
155,124,0
161,170,2
180,122,0
198,176,2
15,148,0
19,92,0
23,85,2
26,62,0
27,205,0
30,13,0
128,103,0
32,166,0
50,25,2
189,115,2
57,24,0
81,107,2
93,140,0
97,186,0
137,208,0
101,105,1
102,16,0
104,98,2
106,43,1
113,38,1
118,47,2
119,175,0
129,71,0
131,51,2
135,172,0
141,88,0
146,8,1
147,40,2
152,116,0
167,39,0
168,33,0
182,0,0
194,87,0
195,78,0
202,42,0
206,188,2
207,4,0
64,54,0
143,162,1
127,70,0
178,209,2
0,33,0
11,102,0
21,31,0
24,205,0
32,52,2
40,42,1
41,23,0
57,202,0
88,78,0
90,195,0
174,128,0
105,103,0
116,85,2
126,61,0
129,80,2
140,86,2
143,115,0
148,208,2
168,96,2
186,16,0
188,185,0
190,197,2
199,189,0
203,137,0
5,173,2
8,27,1
25,153,1
43,74,1
46,83,0
99,36,0
107,94,2
108,156,0
113,164,1
119,193,2
135,34,2
147,146,0
64,136,1
35,84,0
79,192,2
95,144,2
121,59,0
200,159,0
26,117,0
39,58,0
65,44,2
70,127,0
180,53,0
187,2,1
198,170,0
52,32,0
61,126,0
80,129,0
86,140,0
197,190,0
209,178,0
153,25,0
2,187,0
16,11,2
23,152,2
27,147,0
31,21,0
128,101,0
33,96,2
34,135,1
36,99,0
42,8,2
44,65,0
53,180,1
189,162,2
58,39,0
74,43,0
78,90,2
84,121,2
85,41,1
94,107,0
137,15,0
102,97,0
103,174,2
115,199,2
117,26,0
136,64,0
146,24,0
156,108,2
164,113,0
168,182,2
170,198,1
173,5,0
193,119,0
195,141,0
202,40,0
205,57,2
208,203,2
83,95,2
144,46,2
159,79,2
185,91,2
11,186,0
15,208,0
24,42,2
40,8,2
41,116,0
57,146,1
90,88,0
91,188,1
96,0,0
97,16,0
174,105,0
141,78,0
147,205,1
152,85,0
162,115,0
182,33,0
199,143,0
203,148,0
206,185,0
27,202,1
35,121,2
59,84,1
79,200,0
83,144,1
95,46,1
159,192,2
0,168,0
8,24,0
11,97,0
41,152,0
42,57,0
46,95,0
84,59,0
88,195,2
90,141,0
91,206,0
96,182,0
105,128,1
116,23,0
121,35,0
143,189,0
144,83,0
146,27,1
148,137,0
186,102,2
199,162,1
202,147,0
200,79,0
203,15,0
205,40,2
192,159,0
200,42,2
27,57,1
46,146,1
83,147,2
95,205,2
121,202,0
8,40,0
144,24,0
42,146,0
200,46,0
27,83,0
57,147,1
121,95,0
202,205,2
8,144,0
40,24,0
69,154,0
1,181,2
42,46,2
60,155,1
200,146,0
207,169,0
27,147,2
57,83,0
73,198,0
149,139,0
194,47,2
19,93,2
153,180,1
121,205,1
176,51,0
202,95,0
8,24,0
12,86,2
40,144,0
150,87,1
69,1,0
154,181,1
155,169,2
60,207,0
73,149,1
198,139,2
200,57,0
51,47,1
93,180,0
147,42,1
176,194,0
8,205,0
19,153,0
87,86,1
121,40,2
150,12,1
69,181,1
154,1,2
155,207,2
169,60,1
47,176,0
51,194,2
139,73,2
198,149,2
200,8,2
42,40,2
86,150,1
87,12,0
93,153,2
180,19,2
47,150,2
181,149,1
200,42,2
207,139,0
8,40,1
69,153,0
73,169,0
86,19,2
60,87,2
93,176,0
149,150,1
207,19,0
73,93,1
69,87,0
150,207,0
69,73,0
69,150,2
8,202,0
11,91,0
24,147,2
42,205,0
57,27,2
90,152,0
96,199,2
174,41,0
146,40,0
162,188,0
203,182,0
59,121,2
83,46,2
84,35,0
144,95,0
159,200,2
192,79,1
51,139,1
53,9,0
98,149,1
110,170,1
118,163,2
140,73,2
154,124,1
161,13,2
169,60,2
1,138,0
47,194,1
68,100,1
72,12,2
92,93,2
165,153,1
176,109,0
198,87,1
207,122,0
4,104,2
18,69,1
25,63,0
27,42,0
30,111,0
35,59,0
40,24,0
41,90,1
46,144,0
50,19,2
66,86,1
75,76,2
91,162,2
95,83,2
121,84,1
147,57,0
152,203,2
180,131,1
181,150,0
182,174,1
188,96,2
199,11,2
202,146,0
200,192,0
205,8,1
79,159,0
12,207,1
27,24,0
41,182,2
57,40,0
87,68,0
153,72,0
93,176,1
96,91,0
174,152,0
100,47,2
109,1,2
138,92,2
122,165,2
146,42,2
147,8,1
162,11,1
194,198,1
199,188,0
202,205,0
203,90,2
19,25,0
63,75,0
69,30,0
74,197,1
76,50,0
86,181,2
104,66,2
111,180,2
131,18,0
150,4,0
9,154,2
13,140,0
31,173,1
52,108,0
60,118,0
70,126,1
73,51,0
94,117,0
124,98,0
139,161,0
149,53,0
163,110,1
164,36,0
170,169,0
1,176,2
2,34,1
44,58,2
68,47,2
87,194,0
92,109,0
138,93,2
122,153,2
165,12,0
193,80,0
198,100,0
207,72,1
209,136,2
4,181,2
18,111,1
25,50,0
63,76,2
66,150,2
75,19,2
104,86,2
131,69,2
180,30,0
8,146,2
11,96,1
24,57,1
40,147,0
42,202,1
51,13,1
53,124,2
73,139,0
90,174,0
91,188,0
98,154,1
110,118,0
140,161,0
149,9,0
152,182,0
162,199,0
169,163,0
170,60,1
203,41,0
205,27,2
184,171,0
27,8,0
42,40,1
146,147,2
202,57,0
205,24,0
9,124,0
51,140,0
53,98,0
60,163,0
69,180,0
84,144,2
108,193,2
118,170,2
139,13,0
154,149,2
161,73,2
169,110,0
192,46,2
200,121,2
1,92,2
12,153,2
34,209,1
36,31,2
47,87,0
72,122,1
109,93,2
117,70,1
126,94,1
133,132,0
136,2,0
176,138,0
194,100,0
197,44,0
198,68,0
207,165,1
19,63,0
30,18,0
50,75,0
58,74,0
76,25,1
80,52,2
86,4,0
111,131,2
150,104,0
171,184,0
181,66,0
8,42,0
24,146,0
40,202,0
41,152,1
46,200,0
57,205,0
84,192,0
96,162,0
174,203,0
132,133,1
144,121,1
147,27,2
182,90,1
188,11,1
199,91,0
31,34,1
70,81,1
2,210,1
193,164,2
52,126,0
94,190,1
74,197,0
117,58,1
34,81,0
70,31,1
2,193,2
164,210,0
94,52,1
126,190,0
58,197,0
74,117,0
70,34,1
81,31,2
164,2,1
210,193,2
126,94,0
190,52,2
58,74,0
197,117,1
31,193,0
164,34,1
52,74,2
58,126,0
31,58,1
34,74,0
31,74,0
58,34,2
8,40,0
41,174,0
42,24,0
91,11,1
145,184,2
146,57,0
152,90,2
182,203,0
188,162,2
199,96,2
202,27,2
205,147,1
12,122,0
47,198,0
72,165,2
153,207,1
93,1,0
100,87,2
109,138,2
121,46,0
176,92,0
192,144,0
194,68,0
200,84,0
4,66,1
19,76,1
25,75,0
30,131,0
50,63,1
67,133,2
111,69,2
150,86,0
180,18,0
181,104,0
9,98,0
13,73,2
60,110,0
118,169,2
124,149,2
139,140,0
154,53,1
161,51,2
163,170,0
11,199,0
24,8,0
27,146,0
40,205,0
57,42,2
84,46,1
90,41,0
96,188,0
174,182,0
133,67,0
144,200,1
147,202,0
162,91,0
192,121,2
203,152,0
184,145,2
67,132,1
11,162,0
46,144,1
121,84,0
200,192,0
4,86,0
18,30,0
25,76,1
63,19,2
66,181,2
75,50,2
104,150,2
131,111,0
171,145,0
180,69,0
13,139,2
73,161,0
98,53,2
110,169,2
124,9,0
140,51,1
149,154,0
163,60,1
170,118,0
68,198,2
87,47,0
153,12,1
92,1,2
93,109,0
100,194,2
138,176,2
121,200,1
122,72,1
132,67,0
165,207,1
90,203,0
46,192,0
91,96,1
144,84,1
145,171,2
152,174,0
182,41,1
188,199,1
199,162,0
19,75,0
27,57,0
30,180,0
40,146,2
41,203,0
50,25,0
69,131,0
76,63,1
80,108,0
86,104,0
96,11,0
174,90,1
111,18,0
147,24,0
150,66,0
181,4,0
182,152,0
188,91,2
197,58,0
202,8,1
205,42,1
36,173,0
51,73,2
53,149,0
74,44,1
98,124,2
110,163,2
118,60,2
121,144,0
126,117,0
133,171,0
136,34,0
140,13,0
154,9,0
161,139,2
169,170,0
192,84,2
193,52,0
200,46,2
1,109,0
47,100,0
68,87,0
70,94,2
72,153,1
92,138,2
164,31,1
165,122,0
176,93,0
198,194,0
207,12,0
209,2,0
18,180,2
63,50,0
66,4,0
69,111,1
75,25,2
76,19,2
86,150,2
104,181,2
131,30,0
9,53,2
13,161,0
34,136,1
60,169,0
73,140,0
108,80,0
124,154,0
139,51,0
149,98,0
163,118,0
170,110,0
2,209,2
8,205,1
11,188,0
12,72,1
24,40,0
31,164,1
42,27,1
44,74,2
52,193,1
46,121,1
57,147,2
58,197,0
84,200,1
87,198,0
90,182,1
91,199,0
153,165,2
93,92,0
94,70,2
100,68,2
109,176,2
138,1,1
117,126,1
122,207,2
144,192,0
146,202,2
152,41,2
162,96,0
171,133,1
173,36,2
194,47,0
203,174,1
8,147,1
9,149,2
13,51,2
24,27,1
40,57,0
42,146,2
60,170,0
118,110,1
124,53,2
139,73,2
154,98,0
161,140,2
163,169,0
182,11,1
205,202,1
12,165,0
47,68,1
72,207,2
153,122,0
93,138,1
100,198,2
109,92,2
117,94,1
121,192,0
176,1,0
194,87,2
200,144,0
4,150,2
18,131,2
25,19,2
30,69,2
34,2,0
36,164,2
46,84,1
50,76,2
66,104,1
75,63,2
80,193,2
108,52,2
126,70,0
136,209,0
173,31,0
180,111,0
181,86,0
197,74,1
51,161,0
53,154,1
58,44,0
73,13,0
98,9,1
110,60,2
140,139,0
149,124,0
169,118,0
170,163,1
1,93,2
68,194,1
87,100,0
92,176,2
138,109,0
122,12,2
165,72,0
198,47,2
207,153,2
11,182,0
19,50,0
27,40,0
57,8,2
63,25,2
69,18,0
76,75,0
84,121,0
86,66,0
104,4,0
111,30,1
131,180,0
144,46,0
146,205,2
147,42,1
150,181,0
192,200,0
202,24,0
47,76,0
139,181,2
2,136,0
84,11,1
173,164,2
180,93,0
52,80,0
53,153,1
70,117,1
94,126,2
133,147,1
193,108,1
209,34,1
44,197,1
74,58,1
76,47,1
181,139,1
93,180,1
31,36,0
153,53,2
164,173,0
11,84,0
147,133,0
155,162,0
58,202,2
126,90,2
150,176,1
69,11,0
8,87,1
147,53,2
47,136,0
46,165,2
73,121,2
27,181,1
180,174,0
19,144,0
193,60,2
42,96,2
149,164,2
155,58,0
150,126,0
202,162,0
90,176,2
53,11,1
69,147,0
8,47,2
27,46,0
136,87,0
165,181,2
19,193,0
174,121,2
73,180,0
60,144,0
96,164,1
149,42,2
155,202,2
162,58,0
176,126,1
90,150,1
11,147,2
53,69,1
136,8,2
87,47,2
174,73,0
121,180,2
165,27,2
181,46,1
96,149,2
164,42,2
144,193,2
60,19,2
69,8,0
202,150,0
155,176,1
47,53,1
27,121,0
19,96,0
180,181,0
42,60,1
202,69,2
27,19,2
180,60,2
155,47,1
69,19,0
47,60,0
19,60,0
69,47,0
199,15,1
188,88,2
11,97,2
182,143,1
41,102,0
174,148,0
90,208,0
91,206,0
162,137,0
152,105,0
96,195,0
203,141,0
15,188,2
97,182,0
199,88,0
143,11,2
148,41,2
102,174,2
206,90,2
208,91,2
105,162,2
137,152,2
141,96,2
195,203,2
88,15,2
199,188,1
11,182,0
143,97,1
174,41,0
102,148,0
90,91,1
206,208,0
105,137,0
162,152,2
96,203,0
141,195,0
90,141,0
97,206,1
188,41,2
11,203,1
96,162,0
199,102,0
174,15,0
152,91,0
41,90,2
206,96,2
174,152,2
199,11,0
90,96,2
199,152,2
96,152,2
139,63,0
131,18,0
47,13,0
169,86,0
12,149,2
138,104,0
92,170,1
50,161,0
19,155,0
98,163,0
30,124,1
60,51,0
150,198,1
111,110,0
1,194,2
4,87,2
122,69,2
72,181,2
75,153,2
118,66,0
180,154,0
176,140,0
25,9,0
93,68,0
109,76,2
139,18,0
131,73,2
207,169,0
86,47,0
92,12,0
149,104,0
170,138,1
161,163,2
98,155,2
50,19,2
100,30,1
124,60,2
150,165,1
111,198,2
194,122,0
4,1,2
69,87,0
153,72,0
181,53,1
118,176,2
140,180,1
154,66,0
25,76,1
93,109,0
9,68,2
23,78,0
33,142,0
103,16,2
112,177,0
123,29,0
51,30,0
124,100,1
110,111,1
198,165,0
72,75,0
53,153,1
66,176,2
140,154,1
180,118,0
12,170,0
138,149,2
104,92,2
115,189,0
63,139,2
18,73,2
47,207,0
13,86,2
87,1,0
122,4,0
194,69,0
155,161,0
163,50,0
19,98,0
68,25,0
9,109,0
76,93,2
51,124,0
30,100,2
165,110,0
198,111,0
153,75,0
53,72,0
66,140,2
118,154,2
176,180,0
138,12,2
149,92,0
104,170,2
73,63,0
18,139,2
13,169,2
86,207,0
87,194,0
1,122,0
4,69,2
98,161,0
19,163,0
155,50,0
93,25,0
109,68,2
76,9,2
16,103,1
29,123,0
78,23,0
142,33,2
177,112,0
115,189,0
27,24,0
205,147,1
8,42,2
146,152,1
202,57,0
96,40,2
24,147,2
27,205,1
42,152,0
8,146,1
202,96,1
58,210,0
57,40,2
52,197,2
136,32,0
80,113,1
24,205,2
27,147,0
164,187,0
2,99,0
126,129,0
42,146,0
152,8,2
94,173,0
193,5,1
117,119,0
40,202,2
57,96,1
34,81,0
74,21,1
197,210,1
58,52,0
136,80,0
113,32,0
164,2,2
99,187,0
27,146,1
126,94,0
173,129,0
193,117,1
42,40,1
205,8,2
119,5,1
34,74,1
21,81,1
202,147,1
58,197,0
210,52,2
32,80,2
113,136,0
99,164,2
187,2,2
129,94,2
173,126,2
5,117,2
119,193,1
21,34,1
81,74,2
27,8,0
40,147,2
126,21,1
197,164,2
58,173,2
136,34,0
8,40,0
2,80,0
113,52,1
27,147,0
74,193,1
117,94,2
136,173,0
164,21,0
94,2,1
113,193,2
2,136,0
164,193,0
193,136,2
164,2,2
32,187,1
54,64,0
62,129,2
65,106,1
107,167,0
120,127,2
183,81,2
175,61,1
153,181,1
75,53,2
66,180,2
140,118,0
154,176,2
92,138,1
9,93,2
25,109,0
68,76,0
78,116,2
148,182,2
185,97,2
101,130,0
33,85,1
15,91,1
143,203,0
168,208,1
88,141,2
152,0,0
123,128,0
186,102,0
188,206,1
89,115,2
137,105,0
177,195,2
39,178,2
166,156,2
172,210,0
63,18,2
73,131,2
207,13,0
169,47,2
12,104,0
170,149,0
50,98,1
163,155,2
161,19,2
43,190,1
71,5,2
100,51,0
60,30,0
110,198,2
165,150,2
87,122,0
69,1,0
194,4,0
26,114,1
181,75,0
72,53,1
154,118,0
176,66,0
180,140,1
9,25,0
68,93,2
76,109,1
61,175,0
106,65,1
167,107,0
187,32,1
139,73,2
63,131,2
13,47,1
86,169,2
149,12,1
170,92,0
104,138,2
163,19,2
155,98,0
161,50,2
60,100,0
124,51,2
111,165,2
110,150,2
1,87,0
69,4,0
122,194,2
78,148,2
116,41,2
101,11,2
185,130,2
33,15,2
85,90,2
208,162,1
168,143,0
0,16,0
152,88,1
123,186,2
128,96,2
89,188,2
115,199,2
195,174,2
177,137,2
5,71,0
81,183,0
114,26,0
127,120,0
129,62,0
156,166,0
178,39,1
64,54,1
190,43,0
210,172,0
18,63,1
131,139,0
47,86,0
169,207,1
12,92,0
138,170,0
104,149,2
98,50,2
19,161,0
155,163,0
182,116,0
41,78,0
97,101,1
11,130,0
90,33,0
91,85,0
203,208,0
162,168,0
16,152,2
141,0,0
96,123,0
102,128,0
199,89,0
206,115,0
105,195,0
174,177,0
51,60,0
124,30,1
150,111,0
198,110,0
87,69,2
4,122,0
194,1,0
72,153,1
53,181,0
66,154,2
118,180,2
140,176,1
25,68,0
93,76,0
109,9,1
18,131,2
63,73,2
86,13,0
207,47,1
149,138,0
170,12,2
163,161,0
50,155,2
98,19,2
100,124,0
30,60,2
110,165,2
198,150,0
87,4,0
69,194,1
122,1,2
75,72,2
181,153,0
66,118,0
180,176,1
154,140,1
92,104,0
68,9,0
109,93,2
76,25,0
182,78,0
148,41,1
97,130,0
185,11,2
33,91,2
15,90,0
143,162,1
168,203,2
88,16,1
152,141,0
123,102,2
186,96,2
188,199,0
89,206,2
137,174,1
177,105,2
60,124,0
51,100,0
150,110,0
165,111,0
194,87,1
1,4,1
69,122,0
116,148,2
182,41,0
97,11,2
101,185,0
91,90,0
85,15,1
203,162,2
208,143,0
0,88,1
141,16,0
128,186,0
102,96,2
206,199,0
115,188,0
105,174,1
195,137,0
53,75,0
181,72,0
140,66,0
176,118,0
154,180,2
68,109,0
25,93,2
9,76,2
139,131,1
73,18,0
47,169,0
13,207,2
170,104,0
12,138,0
92,149,2
50,163,2
161,98,2
155,19,2
100,60,2
30,51,0
111,150,2
165,198,1
1,69,2
4,194,2
122,87,2
153,53,1
75,181,2
118,140,2
176,154,0
180,66,0
93,9,0
109,25,2
76,68,0
73,139,0
131,63,0
207,86,0
169,13,0
138,92,0
149,170,0
104,12,0
163,98,0
19,50,0
161,155,2
116,78,0
182,148,0
130,101,2
97,185,0
91,15,1
85,33,0
203,143,0
208,168,2
0,152,2
141,88,0
128,123,0
102,186,1
206,188,1
115,89,0
195,177,0
105,137,1
146,147,1
202,40,0
8,57,0
87,154,0
30,86,2
25,139,1
169,153,1
163,92,1
140,165,2
72,18,0
138,100,0
42,205,0
27,24,0
24,8,2
57,202,0
205,146,2
147,27,2
40,42,1
86,87,0
139,169,2
165,163,1
72,138,2
24,57,2
8,146,1
42,202,2
40,147,0
27,205,0
57,42,0
205,40,0
147,8,2
146,24,1
202,27,2
152,16,0
7,125,1
179,37,0
79,48,0
56,55,0
157,151,0
150,13,0
165,153,0
69,198,1
68,25,1
19,207,0
63,51,2
194,131,0
75,140,2
104,124,2
118,155,2
170,47,0
50,169,1
59,77,0
35,22,0
49,159,0
144,17,0
83,20,0
192,82,0
176,76,1
180,72,0
30,181,2
93,139,0
92,53,2
163,12,1
122,66,1
60,161,0
4,1,2
86,149,1
73,87,0
109,9,2
154,138,0
186,123,0
201,7,2
10,179,2
28,79,2
6,56,2
196,134,2
14,157,2
153,111,2
165,150,1
18,63,0
51,19,1
124,75,0
131,104,0
140,194,2
155,170,0
47,50,0
169,118,1
125,59,1
48,49,2
55,144,2
151,192,1
72,176,2
100,180,2
181,110,0
30,93,2
98,69,2
198,68,1
53,122,0
12,66,0
92,163,1
1,60,2
149,4,0
161,86,2
9,87,0
138,109,0
154,73,2
37,35,2
77,201,0
22,10,0
159,28,0
17,6,0
20,196,0
82,14,0
13,165,2
111,150,2
207,51,0
19,18,0
75,131,2
124,140,2
194,104,1
50,170,0
47,118,0
169,155,0
162,143,0
96,123,0
176,100,0
76,72,1
139,30,1
110,93,2
25,69,2
198,98,1
163,66,0
12,53,2
122,92,2
60,149,0
4,86,2
161,1,2
9,154,0
73,138,2
109,87,2
96,128,0
41,78,0
125,201,0
37,10,2
48,28,0
55,6,0
151,14,0
130,185,0
90,85,0
15,33,0
143,168,0
16,0,1
199,115,0
188,89,1
24,205,0
202,146,1
8,40,1
147,42,2
101,11,2
152,88,0
116,182,2
7,77,0
179,22,0
79,159,0
56,17,1
134,20,0
157,82,0
27,57,0
162,208,0
105,177,0
174,195,0
201,59,2
10,35,2
28,49,2
144,6,0
196,83,2
14,192,1
78,182,2
41,148,0
130,97,2
11,185,0
91,33,0
203,168,0
16,88,2
102,123,2
96,186,0
199,188,0
206,89,0
15,90,2
152,141,0
77,125,2
59,7,0
35,179,0
22,37,1
159,48,2
49,79,1
17,55,1
144,56,0
83,134,0
82,151,2
192,157,0
57,147,2
42,8,1
205,202,1
146,27,2
40,24,1
195,105,0
174,177,0
148,78,0
41,116,0
130,11,2
101,97,1
33,90,2
85,91,2
208,203,2
0,141,2
128,102,2
115,206,2
93,194,0
162,168,0
199,89,0
83,35,2
144,49,0
157,59,2
207,181,1
53,68,2
155,19,2
174,105,0
12,138,0
131,198,0
60,47,0
27,205,0
42,57,0
163,51,2
149,169,2
176,180,1
8,40,1
146,24,0
148,116,1
41,182,0
11,97,0
15,85,0
90,91,0
143,208,0
162,203,0
16,141,2
88,0,1
186,128,0
96,102,0
188,115,2
199,206,0
35,83,0
49,144,1
59,157,0
86,150,2
73,69,2
101,185,0
194,207,2
93,181,0
155,68,0
53,19,2
198,138,0
131,12,0
42,205,1
27,147,0
47,51,1
60,163,1
180,169,0
40,24,0
8,202,0
176,149,1
86,69,1
73,150,0
93,207,0
181,194,0
205,57,1
42,147,2
53,155,0
68,19,2
131,138,0
198,12,2
202,40,1
8,146,0
163,47,2
60,51,0
176,169,0
180,149,0
73,86,1
150,69,1
57,147,1
27,42,0
24,202,2
40,146,2
93,12,0
207,53,2
131,51,2
19,150,0
27,57,1
205,147,2
47,176,2
69,181,1
8,24,0
202,146,0
60,73,0
180,198,2
181,176,1
19,93,2
147,146,1
27,40,0
51,53,2
198,60,2
202,42,1
8,57,0
27,147,0
8,42,1
93,176,1
60,53,0
147,42,2
27,8,2
60,93,1
38,36,1
117,156,0
58,5,0
108,70,0
164,190,0
81,80,1
150,153,0
111,13,0
98,198,1
69,25,1
66,92,2
53,163,0
122,12,2
140,131,1
104,75,0
194,124,1
118,50,0
170,169,1
155,47,1
135,31,2
2,54,0
99,197,1
129,44,1
126,178,0
52,187,1
113,21,2
174,91,1
90,182,0
199,105,1
96,141,2
11,41,0
162,206,0
72,100,2
180,176,0
93,30,1
110,139,2
51,18,0
63,19,2
4,161,0
86,60,2
149,1,0
87,154,2
109,73,2
138,9,1
24,42,1
57,146,0
147,202,1
205,8,2
40,27,2
35,84,1
59,200,1
144,46,1
121,95,0
119,209,2
193,61,0
136,107,0
127,94,1
34,114,0
210,173,1
74,65,0
153,13,1
165,111,0
68,98,0
198,69,1
66,53,2
163,122,0
92,12,0
104,140,2
75,194,2
131,124,0
170,118,0
50,155,2
169,47,2
156,99,1
70,58,1
190,129,2
100,76,1
176,72,0
30,110,0
181,93,1
18,207,2
19,51,0
60,4,0
1,86,0
161,149,2
87,138,1
73,9,0
154,109,0
57,40,1
146,42,1
202,24,0
147,205,0
46,121,2
59,84,1
95,144,2
200,35,1
54,135,2
107,38,0
94,34,0
197,117,1
173,74,0
21,52,1
31,2,1
209,193,2
61,119,0
36,136,2
114,127,0
5,108,2
65,210,0
44,164,2
178,81,2
187,113,0
182,199,1
174,105,0
91,90,2
41,96,2
206,11,2
141,162,2
153,165,1
13,150,2
25,98,1
69,68,0
66,122,0
12,163,2
53,92,0
124,104,1
131,194,0
140,75,0
47,170,0
169,50,0
155,118,0
100,176,2
76,180,0
139,181,1
93,110,0
207,63,1
18,19,2
1,161,0
86,4,0
149,60,1
87,73,2
9,109,1
138,154,1
46,95,1
144,121,1
35,59,0
84,200,2
42,40,0
146,205,0
202,57,0
8,24,0
27,147,0
178,80,1
126,81,0
91,105,1
174,182,0
199,90,2
162,96,0
41,206,0
11,141,0
84,46,1
200,95,0
59,144,0
121,35,1
61,209,0
193,119,0
107,36,2
136,38,2
156,197,2
117,99,0
52,113,0
187,21,2
57,24,0
205,27,2
146,8,1
147,40,0
202,42,1
51,207,1
63,18,0
75,124,2
104,131,2
194,140,1
118,170,2
50,47,2
155,169,0
87,9,1
73,154,0
109,138,2
2,135,0
54,31,2
114,94,2
34,127,0
5,70,0
58,108,0
13,153,2
111,165,2
180,100,0
72,76,2
110,30,0
181,139,0
68,198,2
98,25,2
163,92,0
66,12,2
122,53,2
4,60,2
86,1,2
149,161,0
65,173,2
74,210,0
190,44,1
164,129,0
80,178,1
126,81,0
46,59,0
95,35,1
144,200,0
121,84,0
209,61,1
119,193,1
38,136,2
36,107,0
99,117,2
197,156,0
21,187,2
113,52,0
24,147,0
42,27,1
205,57,0
8,202,0
40,146,0
18,51,2
63,207,2
131,75,0
140,124,0
104,194,2
50,118,1
47,169,1
170,155,2
87,109,0
138,73,2
154,9,0
31,54,0
127,34,2
94,114,0
70,5,0
108,58,2
90,174,1
182,105,2
199,91,1
96,11,0
141,206,0
162,41,0
150,111,0
165,13,0
100,72,2
180,76,0
30,139,0
110,181,2
98,68,2
198,25,1
66,163,2
53,12,0
92,122,0
60,86,1
1,149,2
161,4,2
135,2,2
210,74,2
173,65,0
129,164,2
44,190,2
126,80,0
84,95,2
200,46,0
35,144,0
59,121,2
24,146,0
42,57,1
8,147,0
27,202,0
40,205,0
197,99,1
156,117,2
65,74,1
173,210,0
44,129,1
190,164,1
187,52,2
21,113,0
105,90,2
91,182,1
174,199,0
41,141,1
206,96,2
11,162,1
153,150,1
13,111,2
72,180,0
76,176,2
155,50,0
118,47,2
169,170,1
73,109,0
9,138,2
154,87,1
57,205,0
146,40,2
147,24,0
27,42,0
31,135,1
54,2,2
70,108,0
5,58,1
80,81,1
126,178,0
35,46,0
84,144,2
59,95,1
200,121,0
139,110,0
93,181,1
122,163,2
53,66,0
12,92,0
60,1,0
4,149,2
86,161,0
202,8,2
209,119,0
61,193,0
36,38,0
107,136,2
114,34,2
94,127,0
25,68,2
69,98,0
207,18,0
19,63,0
140,104,1
194,75,0
124,131,1
117,197,0
210,65,1
74,173,0
164,44,0
52,21,0
113,187,1
150,165,2
111,153,2
176,180,0
76,100,1
47,155,0
118,169,2
170,50,0
109,154,2
138,87,0
9,73,2
135,54,0
99,156,0
129,190,2
81,178,1
139,93,1
181,30,0
163,53,0
12,122,0
92,66,0
1,4,0
149,86,2
161,60,2
2,31,1
119,61,1
193,209,0
107,38,0
136,36,1
127,114,0
34,94,0
58,70,0
108,5,1
126,80,0
105,199,2
91,174,2
182,90,2
41,11,1
206,162,2
141,96,2
95,200,1
35,121,0
46,84,0
144,59,0
25,198,2
68,69,2
207,19,1
51,63,0
75,104,2
124,194,2
131,140,0
24,202,0
205,147,2
42,146,1
8,27,1
40,57,2
34,31,0
65,36,2
164,210,0
80,114,0
126,74,0
43,70,2
136,58,0
178,81,1
2,167,1
61,94,2
193,117,2
119,71,2
34,65,0
36,31,2
164,80,1
114,210,0
126,43,0
70,74,1
136,178,0
81,58,2
94,167,1
2,61,2
71,117,1
193,119,0
31,65,1
34,36,1
114,164,1
210,80,0
70,126,1
74,43,2
58,178,0
81,136,2
94,2,0
167,61,2
71,193,0
117,119,0
31,70,1
136,193,2
34,43,0
80,71,2
126,114,0
164,36,0
94,58,1
117,61,1
95,121,2
200,59,0
84,35,2
46,144,0
105,174,2
90,91,0
199,182,0
96,41,0
11,206,0
162,141,0
57,27,1
146,202,2
40,8,2
42,147,2
205,24,0
31,193,0
34,71,0
58,126,0
164,61,0
35,200,0
121,46,1
144,95,0
84,59,2
105,91,1
90,199,0
182,174,2
206,41,0
96,162,0
141,11,1
24,40,2
202,205,0
8,42,0
147,57,1
27,146,0
31,164,2
200,84,0
95,46,2
59,35,2
121,144,0
34,58,1
34,31,1
164,58,1
45,171,2
145,133,2
132,67,2
145,132,0
133,67,0
95,59,1
121,200,1
144,84,1
46,35,0
105,182,2
91,199,0
174,90,0
41,162,1
206,141,2
11,96,2
171,184,0
67,145,2
133,132,0
42,24,0
27,40,0
146,57,0
202,147,0
93,138,2
150,194,0
180,51,0
207,12,0
34,2,2
52,126,1
58,164,0
74,136,1
117,193,2
8,205,0
59,46,2
35,95,0
84,121,2
200,144,0
133,184,0
171,145,0
2,34,2
126,52,0
136,74,1
164,58,0
193,117,1
90,105,0
182,91,1
199,174,0
96,206,1
141,41,0
162,11,0
57,8,1
147,146,0
24,27,2
205,42,2
40,202,2
149,180,0
150,138,0
121,59,0
46,200,0
144,35,0
95,84,0
171,133,2
163,198,2
207,198,0
199,11,2
11,147,1
46,133,0
152,57,2
164,131,2
60,90,0
200,207,1
8,162,2
121,149,1
53,193,1
69,11,0
73,96,2
176,46,0
126,47,1
19,35,0
181,34,0
27,165,0
202,174,1
150,74,0
152,164,2
131,57,1
207,90,2
60,200,1
149,162,0
8,121,0
193,11,2
69,53,0
96,46,2
176,73,1
19,126,2
47,35,0
34,165,1
27,181,0
174,74,2
150,202,0
57,164,2
152,131,2
207,60,2
90,200,2
149,8,2
162,121,2
11,53,0
193,69,0
96,176,0
46,73,2
47,19,1
35,126,2
165,181,2
34,27,0
74,202,2
174,150,0
131,200,0
8,11,0
69,149,0
60,164,0
96,47,1
27,174,0
126,176,1
150,181,0
47,27,1
131,8,1
126,150,0
60,69,2
8,47,0
69,126,0
47,126,0
8,69,1
93,60,2
138,118,0
53,68,0
161,139,2
98,170,2
150,109,0
25,87,0
169,111,1
75,76,2
69,131,0
51,149,0
122,66,1
12,13,0
180,19,2
30,124,2
165,110,0
163,50,0
176,140,0
47,207,1
9,194,2
18,181,2
92,100,1
4,154,2
60,198,0
118,93,2
170,161,0
98,53,0
139,68,2
109,87,2
111,150,2
169,25,0
153,69,2
131,75,0
149,1,0
122,51,1
12,63,0
180,13,0
86,30,0
124,165,2
163,176,0
72,140,1
207,104,0
194,47,2
100,4,1
181,92,0
154,18,0
75,69,2
76,153,0
118,60,2
138,198,2
207,9,2
104,194,2
68,170,0
53,139,0
161,98,2
4,181,2
18,92,2
100,154,1
140,163,2
50,72,2
66,51,2
1,122,0
13,63,1
19,12,1
110,30,1
124,86,1
111,109,0
87,169,2
150,25,0
153,75,0
69,76,0
198,118,0
60,138,0
9,104,0
194,207,0
68,161,0
139,98,2
170,53,1
18,100,0
181,154,1
92,4,0
163,72,0
140,50,0
66,1,2
122,149,0
12,180,0
63,19,2
86,110,0
30,165,1
87,150,2
25,111,2
109,169,2
42,205,0
146,147,1
8,57,0
69,153,0
131,76,0
51,1,1
149,66,0
165,86,2
110,124,1
98,68,2
53,161,0
170,139,0
202,40,0
27,24,0
72,176,2
50,163,2
47,104,0
194,9,1
25,109,0
111,87,0
169,150,2
198,60,1
138,93,1
13,19,2
63,180,2
4,18,1
100,181,1
154,92,1
153,131,2
76,75,0
66,122,2
1,149,0
124,30,0
110,165,2
68,53,2
98,139,0
161,170,2
9,47,2
104,207,2
87,25,0
150,111,0
169,109,0
24,8,2
57,202,0
205,146,0
147,27,2
40,42,1
140,72,0
176,50,0
93,198,0
118,138,2
19,63,0
180,12,2
181,4,0
92,18,0
154,100,0
42,202,1
24,57,2
8,146,0
27,205,1
40,147,0
0,123,0
33,142,1
185,189,0
85,23,0
89,29,0
116,16,1
128,112,0
130,103,1
168,78,0
208,177,0
176,163,0
50,140,2
104,9,0
47,194,2
66,149,2
1,51,0
4,100,2
18,154,1
153,76,2
131,69,2
63,13,2
12,19,2
87,111,1
150,169,0
109,25,2
198,138,0
93,118,0
30,110,2
86,165,0
139,161,0
170,68,0
53,98,0
72,50,0
140,176,2
207,47,0
194,104,0
51,66,0
149,122,1
181,18,1
154,4,0
75,153,2
76,131,2
13,12,2
19,180,1
87,109,0
25,150,2
111,169,2
205,40,0
57,42,1
146,24,0
147,8,2
202,27,0
16,116,0
23,85,0
29,89,2
78,168,2
103,130,2
112,128,1
123,0,2
142,33,0
177,208,1
185,189,0
60,93,0
118,198,2
165,124,0
110,86,1
68,98,2
139,170,2
161,53,2
100,92,0
65,167,1
52,119,0
156,210,1
61,129,2
92,181,1
24,147,0
205,57,1
42,27,0
8,202,2
40,146,1
152,0,0
101,88,2
96,128,0
182,137,0
188,41,2
174,168,0
141,185,0
115,102,0
90,85,0
195,203,2
91,89,0
148,206,2
186,97,1
162,142,0
199,130,0
208,15,2
105,143,1
11,16,0
58,54,0
178,190,1
136,106,1
36,5,1
32,71,0
70,99,0
26,127,2
2,172,0
50,176,2
72,163,1
63,12,2
13,180,0
30,86,1
124,110,0
109,150,2
111,25,0
169,87,0
31,81,1
64,108,2
34,120,0
209,44,0
94,166,0
80,197,0
107,114,2
193,183,0
43,38,0
74,113,0
117,39,0
60,118,0
93,138,0
122,1,1
149,51,1
68,139,0
53,170,0
98,161,0
164,175,0
173,21,0
135,187,2
69,75,0
131,153,0
9,207,1
104,47,2
18,4,0
181,100,1
92,154,2
167,58,2
178,52,0
210,136,1
32,70,2
127,2,2
163,140,1
176,72,0
19,13,0
180,63,0
86,124,0
165,30,1
150,87,0
25,169,2
109,111,2
54,81,2
71,94,2
166,99,2
107,61,0
117,38,1
39,113,2
138,60,1
198,93,1
1,66,1
51,122,0
139,53,0
161,68,2
170,98,0
57,40,0
146,42,2
202,24,0
147,205,1
27,8,2
88,152,2
0,101,2
128,137,2
182,96,2
41,174,2
168,188,2
185,115,2
102,141,0
203,90,1
85,195,1
148,89,1
206,91,2
142,186,2
97,162,2
15,199,2
130,208,2
143,11,2
16,105,1
65,31,2
175,119,1
190,164,1
106,21,1
156,173,0
64,36,2
108,34,1
120,5,1
135,209,0
187,126,2
172,197,2
26,80,0
114,193,2
183,129,2
43,74,0
75,131,2
76,69,1
207,194,1
47,9,0
4,92,2
100,18,2
154,181,0
152,105,0
41,186,1
11,88,0
203,182,1
94,81,0
199,85,0
90,143,0
96,206,0
136,61,1
58,127,1
74,36,2
89,91,2
174,15,0
115,97,2
164,71,0
34,80,1
2,5,1
188,102,0
162,141,0
31,119,0
193,129,2
117,173,0
105,41,1
152,186,0
126,187,0
52,209,1
182,11,2
88,203,2
143,199,1
61,81,0
94,136,2
58,74,1
85,90,2
91,96,0
206,89,2
36,127,0
164,34,0
80,71,0
97,174,1
15,115,0
2,31,1
119,5,2
193,117,1
141,188,1
102,162,2
173,129,0
126,52,1
209,187,1
152,41,0
186,105,0
81,136,2
94,61,2
36,58,1
127,74,1
11,203,1
182,88,0
85,143,2
90,199,0
71,34,2
80,164,2
5,31,0
119,2,0
91,206,0
96,89,0
129,117,1
173,193,1
187,52,1
209,126,2
97,15,2
174,115,1
102,141,1
162,188,1
5,129,0
136,34,0
11,89,0
186,199,1
58,52,1
61,80,2
91,97,2
152,143,0
36,119,0
94,164,1
162,174,1
203,188,0
117,31,0
126,173,2
15,96,2
90,182,1
11,174,2
186,97,2
52,80,0
136,5,0
90,96,0
152,203,1
36,173,1
94,117,0
97,174,0
152,90,0
94,52,0
136,173,1
152,97,0
173,52,1
94,136,0
149,63,0
207,68,0
92,87,2
25,198,2
72,111,0
76,98,0
152,101,0
0,88,1
128,182,1
96,137,0
174,188,1
168,41,1
185,102,2
141,115,0
90,195,0
85,203,2
89,206,0
91,148,0
142,97,2
162,186,0
15,130,0
199,208,0
11,105,0
143,16,0
6,196,1
201,28,1
207,149,1
198,87,0
72,76,1
88,0,2
101,152,2
182,128,0
188,174,2
41,168,0
102,185,0
115,141,2
203,85,0
195,90,2
148,91,2
206,89,2
186,162,1
97,142,0
15,130,0
208,199,2
16,143,2
11,105,0
28,201,1
196,6,1
167,54,0
190,175,1
129,107,1
193,61,0
38,39,0
7,22,1
192,77,1
49,17,0
134,125,0
79,55,0
179,159,0
81,65,1
58,31,0
119,178,2
164,52,1
21,156,0
108,120,0
2,80,2
114,183,0
117,74,2
0,152,1
88,101,1
128,96,2
137,182,0
41,188,1
168,174,2
185,141,2
102,115,1
203,195,0
85,90,2
89,91,2
206,148,0
97,186,0
142,162,2
130,199,2
15,208,1
16,11,2
143,105,1
84,48,0
46,157,0
83,158,0
144,82,0
95,56,0
59,151,1
210,106,2
136,173,1
5,64,0
126,209,0
99,32,1
94,70,0
127,172,0
197,26,0
113,43,0
34,36,0
71,166,0
37,7,0
14,192,2
10,49,2
20,134,2
28,79,2
6,179,2
54,65,1
119,164,2
52,190,0
183,107,2
129,193,1
22,84,2
77,46,2
17,83,2
125,144,2
55,95,2
159,59,2
81,58,1
31,167,1
21,136,0
172,26,2
197,2,2
80,127,2
61,114,0
74,38,0
175,178,2
106,156,2
173,210,0
36,108,0
120,64,0
5,34,1
209,187,2
126,44,0
99,94,1
70,71,0
166,32,2
113,117,1
39,43,2
101,0,0
152,88,0
96,182,0
137,128,0
188,168,0
174,41,0
141,102,1
115,185,0
195,85,1
90,203,1
89,148,0
91,206,0
186,142,0
162,97,2
199,15,1
208,130,1
105,16,0
11,143,0
48,37,0
157,14,0
158,10,1
82,20,0
56,28,0
151,6,0
73,163,0
86,181,2
176,47,0
93,1,0
170,53,1
165,60,2
149,131,2
12,69,2
154,198,0
19,169,2
194,72,0
150,51,0
73,86,0
163,181,1
47,1,1
176,93,0
170,165,1
53,60,1
8,35,0
149,12,2
131,69,1
169,198,2
147,40,1
19,154,0
72,51,1
194,150,2
57,205,2
121,95,0
73,181,1
163,86,2
200,24,0
202,144,0
1,176,2
47,93,1
42,146,0
27,46,1
60,170,1
53,165,1
131,12,2
69,149,1
147,35,2
40,8,2
169,154,1
198,19,1
72,150,0
51,194,2
57,95,0
205,121,0
200,144,2
202,24,0
42,46,0
146,27,2
181,93,0
73,53,0
8,147,0
35,40,1
60,169,0
176,72,0
121,57,1
95,205,2
69,19,0
150,170,1
200,202,2
24,144,2
154,131,2
12,194,2
27,42,1
46,146,0
8,57,1
73,176,2
150,69,1
205,35,1
60,181,1
131,194,0
202,27,1
42,144,0
176,69,0
8,35,0
131,60,2
202,42,2
35,202,1
176,60,0
8,42,0
24,205,0
8,40,0
152,199,2
203,137,0
90,102,0
91,141,0
174,143,1
97,101,1
96,41,0
11,15,2
162,89,1
45,191,2
160,3,0
147,42,1
202,146,1
27,57,0
160,191,0
42,8,0
57,147,0
40,24,2
205,202,1
146,27,0
137,152,1
102,203,2
199,90,2
141,174,2
101,91,1
143,97,2
15,96,2
89,11,1
41,162,2
24,42,0
57,146,1
205,8,1
40,27,2
145,132,2
67,171,0
152,102,0
203,90,1
199,137,1
97,174,2
141,101,0
91,143,0
15,89,1
11,41,0
162,96,2
147,202,0
133,184,0
204,160,0
42,40,0
146,205,0
202,57,1
8,24,0
27,147,0
203,199,0
90,152,0
102,137,0
97,141,0
143,101,1
174,91,0
96,11,1
41,89,0
162,15,1
205,27,1
57,24,0
146,8,0
171,132,2
145,67,1
137,90,2
152,203,0
199,102,0
101,174,2
91,97,1
141,143,0
15,41,2
11,162,1
147,40,1
202,42,0
160,184,2
133,204,0
89,96,2
67,132,1
145,171,2
184,204,0
133,160,0
24,146,1
42,57,2
8,147,0
40,205,0
27,202,1
137,203,2
102,90,2
199,152,0
143,174,1
141,91,2
101,97,1
15,11,1
89,162,0
41,96,2
64,34,1
107,193,2
38,113,2
146,40,0
147,24,0
27,42,0
90,199,0
203,102,0
152,137,0
174,141,1
91,101,1
97,143,0
96,15,0
11,89,0
162,41,0
167,81,0
210,21,1
36,120,0
108,5,1
71,99,1
70,166,0
127,197,0
114,129,2
43,117,2
57,205,0
202,8,2
132,184,0
133,67,0
31,54,0
65,58,2
52,175,0
156,136,2
173,106,2
126,135,0
32,94,2
26,2,2
80,172,1
61,183,0
74,39,0
118,68,2
149,110,0
50,161,0
154,25,2
60,1,0
4,104,2
190,119,1
178,164,1
122,140,2
92,63,0
109,138,2
207,98,0
124,75,0
51,66,0
64,120,1
99,70,2
133,132,0
81,31,2
65,54,0
94,71,0
129,61,1
107,183,0
193,114,0
38,117,1
113,74,2
110,68,1
149,118,0
25,50,0
161,154,2
60,104,0
1,4,0
24,202,1
42,146,1
205,147,0
8,27,0
40,57,1
90,203,1
102,152,0
137,199,2
174,97,1
101,141,2
143,91,0
41,11,2
96,162,1
89,15,0
58,167,0
119,52,2
164,190,0
178,175,1
21,173,2
136,210,1
156,106,1
5,36,2
34,108,0
126,187,0
32,166,0
197,80,0
26,172,0
2,127,0
43,39,0
122,63,2
92,140,2
109,98,2
138,207,1
75,51,2
124,66,0
22,37,0
77,14,0
17,10,1
125,20,0
55,28,0
159,6,0
57,27,1
146,202,0
40,8,2
199,203,1
137,102,1
152,90,0
141,97,2
91,174,2
101,143,2
15,162,2
11,96,0
89,41,0
42,147,1
205,24,0
140,93,0
63,92,2
207,109,0
138,19,1
51,124,0
75,47,2
7,48,2
192,157,0
49,158,0
134,82,0
79,56,0
179,151,0
118,110,1
68,131,2
25,161,0
12,154,0
4,60,2
1,165,1
37,84,2
14,46,2
10,83,2
20,144,2
28,95,2
6,59,2
93,122,0
63,140,2
98,138,2
19,207,0
66,75,0
47,51,0
24,40,0
202,205,0
147,57,1
8,42,1
27,146,0
203,152,0
90,137,0
102,199,1
174,101,0
97,91,2
143,141,1
41,15,0
96,89,0
162,11,2
131,118,0
68,149,0
161,12,2
154,50,0
165,4,0
104,1,1
48,22,2
84,7,0
157,77,2
46,192,0
158,17,0
83,49,2
82,125,0
144,134,0
56,55,0
95,79,0
151,159,0
59,179,1
166,70,2
42,24,0
8,205,0
146,57,1
202,147,0
27,40,0
81,167,1
5,108,2
34,64,0
120,36,2
2,26,0
183,61,2
193,107,0
39,74,1
113,38,0
117,43,0
111,139,2
169,73,0
72,194,2
30,176,2
110,118,1
131,149,1
98,207,2
109,19,2
179,144,1
79,59,2
54,31,2
58,65,0
175,52,2
119,190,0
164,178,0
21,210,0
173,106,0
44,187,1
126,135,0
99,71,2
94,32,0
172,80,2
197,127,0
129,114,2
170,180,1
181,100,0
53,163,1
76,18,0
87,13,0
198,69,2
93,63,0
122,92,2
66,47,2
124,51,2
22,95,2
192,49,1
83,84,1
134,46,1
136,156,0
153,86,1
9,150,2
12,50,0
161,25,2
104,165,2
60,4,0
38,43,2
73,139,0
111,169,2
72,30,0
194,176,2
110,131,2
149,68,0
138,109,0
19,98,0
81,54,0
108,64,0
209,126,2
127,26,0
80,2,1
197,172,0
61,193,2
114,107,1
113,39,0
74,117,0
100,180,0
181,170,0
18,163,2
76,53,2
92,93,2
47,124,0
75,66,2
59,179,2
144,79,1
57,8,0
147,146,2
24,27,0
205,42,2
40,202,1
167,65,0
31,58,1
190,178,0
52,164,2
119,175,1
210,156,2
173,136,1
21,106,0
36,34,0
5,120,0
187,135,2
99,166,0
70,94,1
71,32,0
129,183,0
13,198,1
69,87,0
9,153,0
86,150,2
25,12,2
50,154,1
140,122,0
1,104,0
165,60,2
95,192,0
49,22,0
46,83,1
84,134,0
152,141,1
162,89,0
65,81,0
167,31,2
54,58,2
108,36,1
64,5,1
120,34,2
135,44,0
187,209,2
43,113,2
38,74,2
39,117,2
32,99,2
2,172,0
26,197,2
127,80,2
114,61,0
163,76,0
18,53,2
118,131,2
68,110,0
12,161,0
50,25,1
66,124,0
51,47,1
107,129,0
134,83,2
84,46,1
190,52,2
175,164,2
178,119,1
106,136,2
156,21,2
173,210,1
71,70,2
166,94,2
193,183,0
139,169,0
73,111,0
100,170,1
180,181,2
87,198,2
69,13,0
98,109,0
19,138,1
179,79,1
59,144,2
22,192,2
49,95,0
199,141,0
91,89,0
176,72,0
30,194,2
86,9,0
150,153,0
140,92,0
63,93,2
104,4,1
165,1,2
31,65,0
54,167,2
58,81,0
209,135,2
39,38,2
74,43,0
117,113,0
163,18,0
53,76,0
131,68,0
110,149,2
161,50,2
154,12,0
66,51,0
47,75,0
175,190,1
106,210,0
36,64,0
34,5,1
120,108,1
61,107,1
183,114,0
193,129,0
139,73,2
169,111,0
170,181,1
180,100,2
87,69,1
198,13,0
207,19,2
138,98,1
84,83,0
46,134,0
152,199,0
162,91,1
164,119,0
52,178,0
136,21,0
173,156,0
126,44,0
166,71,2
94,99,0
70,32,0
2,197,0
80,26,1
172,127,2
176,30,0
194,72,0
150,86,1
153,9,0
63,122,1
93,92,0
4,165,2
104,60,2
144,179,1
59,79,2
49,192,1
95,22,0
199,91,1
34,52,2
136,70,0
69,198,0
13,87,2
153,150,0
9,86,2
140,63,0
122,93,2
60,165,0
4,1,2
179,59,0
79,144,2
22,49,2
192,95,1
83,46,0
134,84,0
111,73,2
169,139,0
68,118,2
149,131,1
47,66,0
75,124,2
170,100,2
181,180,0
53,18,1
76,163,0
194,30,0
72,176,2
50,12,2
25,154,0
109,207,2
98,19,1
136,52,1
198,87,0
13,69,2
150,9,0
86,153,2
122,92,2
93,140,2
1,60,2
165,104,0
139,111,0
73,169,0
118,149,2
131,110,0
51,75,0
124,47,2
91,199,0
100,181,1
180,170,1
163,53,0
18,76,1
176,194,1
30,72,0
12,25,1
154,161,0
207,138,0
19,109,0
79,179,0
144,59,0
95,49,1
192,22,1
46,84,1
83,134,0
126,43,0
117,209,1
173,5,0
58,210,0
136,187,0
193,197,0
52,21,0
164,26,0
31,61,0
2,178,0
94,127,0
34,70,0
209,43,1
126,117,1
5,210,1
58,173,0
197,187,1
136,193,0
21,26,0
164,52,1
61,178,2
2,31,0
70,127,2
94,34,1
126,209,0
43,117,1
5,58,1
210,173,2
197,136,2
187,193,1
21,164,2
26,52,2
61,2,2
178,31,2
70,94,2
127,34,2
164,178,0
117,193,1
126,187,0
173,34,2
58,21,0
136,127,0
2,52,0
94,31,0
117,164,2
126,34,0
2,136,2
58,94,0
164,58,0
126,136,1
58,136,1
126,164,0
132,95,2
24,179,0
93,139,0
207,25,1
149,1,0
198,180,2
169,100,2
194,154,0
51,153,1
53,138,0
52,95,0
91,24,0
25,93,1
180,149,0
100,194,2
51,53,1
121,173,2
174,51,2
35,25,2
200,146,2
152,181,2
27,126,2
83,163,2
11,194,2
73,49,2
94,57,2
131,96,2
180,193,2
19,58,2
90,133,2
176,36,2
162,202,2
69,164,2
91,140,2
8,2,2
12,97,2
150,52,2
203,42,2
60,47,2
74,144,2
51,173,2
121,174,2
181,25,2
35,152,2
163,126,2
27,83,2
200,11,2
194,146,2
73,94,2
57,49,2
131,180,2
193,96,2
19,90,2
133,58,2
176,162,2
202,36,2
69,91,2
140,164,2
8,12,2
97,2,2
150,203,2
42,52,2
60,74,2
144,47,2
121,51,2
173,174,2
35,181,2
25,152,2
163,27,2
126,83,2
200,194,2
146,11,2
49,94,2
57,73,2
96,180,2
193,131,2
58,90,2
133,19,2
36,162,2
202,176,2
140,69,2
164,91,2
2,12,2
97,8,2
42,150,2
52,203,2
144,60,2
47,74,2
